First Name	Last Name	Email Address	Postal Code	Apple Identifier	Report Start Date	Report End Date
Jay	Jameson	Jay@Jameson.com	10247	123456789	10/14/2013	10/20/2013
Ana	Raleigh	Ana@Raleigh.com	79635	123456790	10/14/2013	10/20/2013
Charles	Cooper	Charles@Cooper.com	41059	123456791	10/14/2013	10/20/2013
Ben	Pence	Ben@Pence.com	86516	123456792	10/14/2013	10/20/2013
Dan	Woods	Dan@Woods.com	59129	123456793	10/14/2013	10/20/2013
Tanya	Finn	Tanya@Finn.com	98315	123456794	10/14/2013	10/20/2013
John	Ida	John@Ida.com	32122	123456795	10/14/2013	10/20/2013
Kerry	Axel	Kerry@Axel.com	46224	123456796	10/14/2013	10/20/2013
Sandy	Muntz	Sandy@Muntz.com	79442	123456797	10/14/2013	10/20/2013
Alex	Tentz	Alex@Tentz.com	26625	123456797	10/14/2013	10/20/2013
